title,link
中华小当家-第01集,https://v.ikanbot.com/play/629030
中华小当家-第02集,https://v.ikanbot.com/play/629030
中华小当家-第03集,https://v.ikanbot.com/play/629030
中华小当家-第04集,https://v.ikanbot.com/play/629030
中华小当家-第05集,https://v.ikanbot.com/play/629030
中华小当家-第06集,https://v.ikanbot.com/play/629030
中华小当家-第07集,https://v.ikanbot.com/play/629030
中华小当家-第08集,https://v.ikanbot.com/play/629030
中华小当家-第09集,https://v.ikanbot.com/play/629030
中华小当家-第10集,https://v.ikanbot.com/play/629030
中华小当家-第11集,https://v.ikanbot.com/play/629030
中华小当家-第12集,https://v.ikanbot.com/play/629030
中华小当家-第13集,https://v.ikanbot.com/play/629030
中华小当家-第14集,https://v.ikanbot.com/play/629030
中华小当家-第15集,https://v.ikanbot.com/play/629030
中华小当家-第16集,https://v.ikanbot.com/play/629030
中华小当家-第17集,https://v.ikanbot.com/play/629030
中华小当家-第18集,https://v.ikanbot.com/play/629030
中华小当家-第19集,https://v.ikanbot.com/play/629030
中华小当家-第20集,https://v.ikanbot.com/play/629030
中华小当家-第21集,https://v.ikanbot.com/play/629030
中华小当家-第22集,https://v.ikanbot.com/play/629030
中华小当家-第23集,https://v.ikanbot.com/play/629030
中华小当家-第24集,https://v.ikanbot.com/play/629030
中华小当家-第25集,https://v.ikanbot.com/play/629030
中华小当家-第26集,https://v.ikanbot.com/play/629030
中华小当家-第27集,https://v.ikanbot.com/play/629030
中华小当家-第28集,https://v.ikanbot.com/play/629030
中华小当家-第29集,https://v.ikanbot.com/play/629030
中华小当家-第30集,https://v.ikanbot.com/play/629030
中华小当家-第31集,https://v.ikanbot.com/play/629030
中华小当家-第32集,https://v.ikanbot.com/play/629030
中华小当家-第33集,https://v.ikanbot.com/play/629030
中华小当家-第34集,https://v.ikanbot.com/play/629030
中华小当家-第35集,https://v.ikanbot.com/play/629030
中华小当家-第36集,https://v.ikanbot.com/play/629030
中华小当家-第37集,https://v.ikanbot.com/play/629030
中华小当家-第38集,https://v.ikanbot.com/play/629030
中华小当家-第39集,https://v.ikanbot.com/play/629030
中华小当家-第40集,https://v.ikanbot.com/play/629030
中华小当家-第41集,https://v.ikanbot.com/play/629030
中华小当家-第42集,https://v.ikanbot.com/play/629030
中华小当家-第43集,https://v.ikanbot.com/play/629030
中华小当家-第44集,https://v.ikanbot.com/play/629030
中华小当家-第45集,https://v.ikanbot.com/play/629030
中华小当家-第46集,https://v.ikanbot.com/play/629030
中华小当家-第47集,https://v.ikanbot.com/play/629030
中华小当家-第48集,https://v.ikanbot.com/play/629030
中华小当家-第49集（新增数据）,https://v.ikanbot.com/play/629030
中华小当家-第50集（新增数据）,https://v.ikanbot.com/play/629030
中华小当家-第51集（新增数据）,https://v.ikanbot.com/play/629030
中华小当家-第52集（大结局）,https://v.ikanbot.com/play/629030
